[{"model": "contenttypes.contenttype", "pk": 1, "fields": {"app_label": "admin", "model": "logentry"}}, {"model": "contenttypes.contenttype", "pk": 2, "fields": {"app_label": "auth", "model": "permission"}}, {"model": "contenttypes.contenttype", "pk": 3, "fields": {"app_label": "auth", "model": "group"}}, {"model": "contenttypes.contenttype", "pk": 4, "fields": {"app_label": "auth", "model": "user"}}, {"model": "contenttypes.contenttype", "pk": 5, "fields": {"app_label": "contenttypes", "model": "contenttype"}}, {"model": "contenttypes.contenttype", "pk": 6, "fields": {"app_label": "sessions", "model": "session"}}, {"model": "contenttypes.contenttype", "pk": 7, "fields": {"app_label": "core", "model": "category"}}, {"model": "contenttypes.contenttype", "pk": 8, "fields": {"app_label": "core", "model": "customer"}}, {"model": "contenttypes.contenttype", "pk": 9, "fields": {"app_label": "core", "model": "product"}}, {"model": "contenttypes.contenttype", "pk": 10, "fields": {"app_label": "core", "model": "productdiscount"}}, {"model": "contenttypes.contenttype", "pk": 11, "fields": {"app_label": "core", "model": "customerdiscount"}}, {"model": "contenttypes.contenttype", "pk": 12, "fields": {"app_label": "core", "model": "cartitem"}}, {"model": "contenttypes.contenttype", "pk": 13, "fields": {"app_label": "core", "model": "contributor"}}, {"model": "contenttypes.contenttype", "pk": 14, "fields": {"app_label": "core", "model": "project"}}, {"model": "contenttypes.contenttype", "pk": 15, "fields": {"app_label": "core", "model": "sourcelanguage"}}, {"model": "sessions.session", "pk": "cfv3qi2btnma9aor9ww11l965ucppxra", "fields": {"session_data": "MjA3MWM0NTg3MjUxZTE5NGY3YjQ1ZDRjNWFlODVhNWFkNjdhNzQwMzp7Il9hdXRoX3VzZXJfaWQiOiIxIiwiX2F1dGhfdXNlcl9iYWNrZW5kIjoiZGphbmdvLmNvbnRyaWIuYXV0aC5iYWNrZW5kcy5Nb2RlbEJhY2tlbmQiLCJfYXV0aF91c2VyX2hhc2giOiI4Yzc1YWI2MDYyN2IyOWE3MTEyMGUxNWE4Y2QzM2JlZGUwYjdlNGZmIn0=", "expire_date": "2018-07-19T22:11:41.637Z"}}, {"model": "core.customer", "pk": 1, "fields": {"name": "Alice", "gender": "F"}}, {"model": "core.customer", "pk": 2, "fields": {"name": "Bob", "gender": "M"}}, {"model": "core.customer", "pk": 3, "fields": {"name": "Charlie", "gender": "M"}}, {"model": "core.category", "pk": 1, "fields": {"name": "Root", "parent_category": null, "assignable": false}}, {"model": "core.category", "pk": 2, "fields": {"name": "\u041f\u043e\u043b", "parent_category": 1, "assignable": false}}, {"model": "core.category", "pk": 5, "fields": {"name": "\u0411\u0440\u0435\u043d\u0434", "parent_category": 1, "assignable": false}}, {"model": "core.category", "pk": 9, "fields": {"name": "\u041d\u0430\u0437\u043d\u0430\u0447\u0435\u043d\u0438\u0435", "parent_category": 1, "assignable": false}}, {"model": "core.category", "pk": 10, "fields": {"name": "\u0421\u043a\u0438\u0434\u043a\u0430 \u043d\u0430 \u0435\u0434\u0438\u043d\u0438\u0447\u043d\u044b\u0439 \u043f\u0440\u043e\u0434\u0443\u043a\u0442", "parent_category": 1, "assignable": false}}, {"model": "core.category", "pk": 11, "fields": {"name": "\u041c\u0443\u0436\u0441\u043a\u043e\u0439", "parent_category": 2, "assignable": true}}, {"model": "core.category", "pk": 12, "fields": {"name": "\u0416\u0435\u043d\u0441\u043a\u0438\u0439", "parent_category": 2, "assignable": true}}, {"model": "core.category", "pk": 13, "fields": {"name": "Sony", "parent_category": 5, "assignable": true}}, {"model": "core.category", "pk": 14, "fields": {"name": "Samsung", "parent_category": 5, "assignable": true}}, {"model": "core.category", "pk": 15, "fields": {"name": "LG", "parent_category": 5, "assignable": true}}, {"model": "core.category", "pk": 16, "fields": {"name": "\u0422\u0435\u0445\u043d\u0438\u043a\u0430", "parent_category": 9, "assignable": true}}, {"model": "core.category", "pk": 17, "fields": {"name": "\u041e\u0434\u0435\u0436\u0434\u0430", "parent_category": 9, "assignable": true}}, {"model": "core.category", "pk": 18, "fields": {"name": "\u0425\u043e\u0437\u044f\u0439\u0441\u0442\u0432\u0435\u043d\u043d\u044b\u0435 \u0442\u043e\u0432\u0430\u0440\u044b", "parent_category": 9, "assignable": true}}, {"model": "core.category", "pk": 19, "fields": {"name": "\u0420\u0430\u0441\u043f\u0440\u043e\u0434\u0430\u0436\u0430", "parent_category": 10, "assignable": true}}, {"model": "core.category", "pk": 20, "fields": {"name": "\u0428\u0443\u0431\u0430: \u0440\u0430\u0441\u043f\u0440\u043e\u0434\u0430\u0436\u0430", "parent_category": 10, "assignable": true}}, {"model": "core.category", "pk": 21, "fields": {"name": "\u0417\u043e\u043d\u0442: \u0440\u0430\u0441\u043f\u0440\u043e\u0434\u0430\u0436\u0430", "parent_category": 10, "assignable": true}}, {"model": "core.product", "pk": 1, "fields": {"name": "\u0424\u0435\u043d", "price": "500.00", "effective_discount": 1, "category": [12, 15, 16]}}, {"model": "core.product", "pk": 2, "fields": {"name": "\u0421\u043c\u0430\u0440\u0442\u0444\u043e\u043d LG", "price": "8000.00", "effective_discount": null, "category": [15, 16]}}, {"model": "core.product", "pk": 3, "fields": {"name": "\u0424\u043e\u0442\u043e\u0430\u043f\u043f\u0430\u0440\u0430\u0442 Sony", "price": "5000.00", "effective_discount": 5, "category": [13, 16]}}, {"model": "core.product", "pk": 4, "fields": {"name": "\u0422\u0435\u043b\u0435\u0432\u0438\u0437\u043e\u0440 Samsung", "price": "6000.00", "effective_discount": null, "category": [14, 16]}}, {"model": "core.product", "pk": 5, "fields": {"name": "\u042d\u043b\u0435\u043a\u0442\u0440\u043e\u0431\u0440\u0438\u0442\u0432\u0430 LG", "price": "4000.00", "effective_discount": null, "category": [11, 15, 16]}}, {"model": "core.product", "pk": 6, "fields": {"name": "\u041d\u0430\u0431\u043e\u0440 \u0438\u043d\u0441\u0442\u0440\u0443\u043c\u0435\u043d\u0442\u043e\u0432", "price": "300.00", "effective_discount": 2, "category": [18]}}, {"model": "core.product", "pk": 7, "fields": {"name": "\u0417\u043e\u043d\u0442\u0438\u043a", "price": "500.00", "effective_discount": 2, "category": [12, 18, 21]}}, {"model": "core.product", "pk": 8, "fields": {"name": "\u041a\u0443\u0440\u0442\u043a\u0430", "price": "2000.00", "effective_discount": 2, "category": [11, 17]}}, {"model": "core.product", "pk": 9, "fields": {"name": "\u0428\u0443\u0431\u0430", "price": "6000.00", "effective_discount": 3, "category": [12, 17, 20]}}, {"model": "core.product", "pk": 10, "fields": {"name": "\u041d\u043e\u0443\u0442\u0431\u0443\u043a Sony", "price": "30000.00", "effective_discount": 5, "category": [13, 16]}}, {"model": "core.product", "pk": 11, "fields": {"name": "\u041f\u044b\u043b\u0435\u0441\u043e\u0441", "price": "3000.00", "effective_discount": null, "category": [14, 16]}}, {"model": "core.customerdiscount", "pk": 1, "fields": {"amount": "20.00", "started": "2018-07-08T20:52:30Z", "ended": "2018-07-31T20:52:30Z", "comment": null, "customer": 1}}, {"model": "core.customerdiscount", "pk": 2, "fields": {"amount": "10.00", "started": "2018-07-08T20:52:39Z", "ended": "2018-07-31T20:52:42Z", "comment": null, "customer": 2}}, {"model": "core.productdiscount", "pk": 1, "fields": {"amount": "3.00", "started": "2018-07-01T00:00:00Z", "ended": "2018-07-31T00:00:00Z", "comment": null, "category": [12]}}, {"model": "core.productdiscount", "pk": 2, "fields": {"amount": "10.00", "started": "2018-06-01T00:00:00Z", "ended": "2018-10-01T00:00:00Z", "comment": null, "category": [17, 18]}}, {"model": "core.productdiscount", "pk": 3, "fields": {"amount": "20.00", "started": "2018-07-01T23:08:16Z", "ended": "2018-07-31T23:08:14Z", "comment": null, "category": [20]}}, {"model": "core.productdiscount", "pk": 4, "fields": {"amount": "50.00", "started": "2018-07-01T23:08:47Z", "ended": "2018-07-04T23:08:48Z", "comment": null, "category": [21]}}, {"model": "core.productdiscount", "pk": 5, "fields": {"amount": "5.00", "started": "2018-07-08T23:34:31Z", "ended": "2018-07-31T23:34:32Z", "comment": null, "category": [13]}}, {"model": "core.cartitem", "pk": 1, "fields": {"customer": 1, "customer_discount": 1, "product": 1, "product_count": 10}}, {"model": "core.cartitem", "pk": 2, "fields": {"customer": 2, "customer_discount": 2, "product": 1, "product_count": 10}}, {"model": "core.cartitem", "pk": 3, "fields": {"customer": 1, "customer_discount": 1, "product": 1, "product_count": 1}}, {"model": "core.cartitem", "pk": 4, "fields": {"customer": 1, "customer_discount": 1, "product": 1, "product_count": 1}}, {"model": "core.cartitem", "pk": 5, "fields": {"customer": 1, "customer_discount": 1, "product": 1, "product_count": 1}}, {"model": "core.cartitem", "pk": 6, "fields": {"customer": 1, "customer_discount": 1, "product": 1, "product_count": 1}}, {"model": "core.cartitem", "pk": 11, "fields": {"customer": 3, "customer_discount": null, "product": 1, "product_count": 1}}, {"model": "core.cartitem", "pk": 48, "fields": {"customer": 1, "customer_discount": 1, "product": 1, "product_count": 1}}, {"model": "auth.permission", "pk": 1, "fields": {"name": "Can add log entry", "content_type": 1, "codename": "add_logentry"}}, {"model": "auth.permission", "pk": 2, "fields": {"name": "Can change log entry", "content_type": 1, "codename": "change_logentry"}}, {"model": "auth.permission", "pk": 3, "fields": {"name": "Can delete log entry", "content_type": 1, "codename": "delete_logentry"}}, {"model": "auth.permission", "pk": 4, "fields": {"name": "Can add permission", "content_type": 2, "codename": "add_permission"}}, {"model": "auth.permission", "pk": 5, "fields": {"name": "Can change permission", "content_type": 2, "codename": "change_permission"}}, {"model": "auth.permission", "pk": 6, "fields": {"name": "Can delete permission", "content_type": 2, "codename": "delete_permission"}}, {"model": "auth.permission", "pk": 7, "fields": {"name": "Can add group", "content_type": 3, "codename": "add_group"}}, {"model": "auth.permission", "pk": 8, "fields": {"name": "Can change group", "content_type": 3, "codename": "change_group"}}, {"model": "auth.permission", "pk": 9, "fields": {"name": "Can delete group", "content_type": 3, "codename": "delete_group"}}, {"model": "auth.permission", "pk": 10, "fields": {"name": "Can add user", "content_type": 4, "codename": "add_user"}}, {"model": "auth.permission", "pk": 11, "fields": {"name": "Can change user", "content_type": 4, "codename": "change_user"}}, {"model": "auth.permission", "pk": 12, "fields": {"name": "Can delete user", "content_type": 4, "codename": "delete_user"}}, {"model": "auth.permission", "pk": 13, "fields": {"name": "Can add content type", "content_type": 5, "codename": "add_contenttype"}}, {"model": "auth.permission", "pk": 14, "fields": {"name": "Can change content type", "content_type": 5, "codename": "change_contenttype"}}, {"model": "auth.permission", "pk": 15, "fields": {"name": "Can delete content type", "content_type": 5, "codename": "delete_contenttype"}}, {"model": "auth.permission", "pk": 16, "fields": {"name": "Can add session", "content_type": 6, "codename": "add_session"}}, {"model": "auth.permission", "pk": 17, "fields": {"name": "Can change session", "content_type": 6, "codename": "change_session"}}, {"model": "auth.permission", "pk": 18, "fields": {"name": "Can delete session", "content_type": 6, "codename": "delete_session"}}, {"model": "auth.permission", "pk": 19, "fields": {"name": "Can add contributor", "content_type": 7, "codename": "add_contributor"}}, {"model": "auth.permission", "pk": 20, "fields": {"name": "Can change contributor", "content_type": 7, "codename": "change_contributor"}}, {"model": "auth.permission", "pk": 21, "fields": {"name": "Can delete contributor", "content_type": 7, "codename": "delete_contributor"}}, {"model": "auth.permission", "pk": 22, "fields": {"name": "Can add project", "content_type": 8, "codename": "add_project"}}, {"model": "auth.permission", "pk": 23, "fields": {"name": "Can change project", "content_type": 8, "codename": "change_project"}}, {"model": "auth.permission", "pk": 24, "fields": {"name": "Can delete project", "content_type": 8, "codename": "delete_project"}}, {"model": "auth.permission", "pk": 25, "fields": {"name": "Can add source language", "content_type": 9, "codename": "add_sourcelanguage"}}, {"model": "auth.permission", "pk": 26, "fields": {"name": "Can change source language", "content_type": 9, "codename": "change_sourcelanguage"}}, {"model": "auth.permission", "pk": 27, "fields": {"name": "Can delete source language", "content_type": 9, "codename": "delete_sourcelanguage"}}, {"model": "auth.permission", "pk": 28, "fields": {"name": "Can add category", "content_type": 10, "codename": "add_category"}}, {"model": "auth.permission", "pk": 29, "fields": {"name": "Can change category", "content_type": 10, "codename": "change_category"}}, {"model": "auth.permission", "pk": 30, "fields": {"name": "Can delete category", "content_type": 10, "codename": "delete_category"}}, {"model": "auth.permission", "pk": 31, "fields": {"name": "Can add category hierarchy", "content_type": 11, "codename": "add_category"}}, {"model": "auth.permission", "pk": 32, "fields": {"name": "Can change category hierarchy", "content_type": 11, "codename": "change_category"}}, {"model": "auth.permission", "pk": 33, "fields": {"name": "Can delete category hierarchy", "content_type": 11, "codename": "delete_category"}}, {"model": "auth.permission", "pk": 34, "fields": {"name": "Can add customer", "content_type": 12, "codename": "add_customer"}}, {"model": "auth.permission", "pk": 35, "fields": {"name": "Can change customer", "content_type": 12, "codename": "change_customer"}}, {"model": "auth.permission", "pk": 36, "fields": {"name": "Can delete customer", "content_type": 12, "codename": "delete_customer"}}, {"model": "auth.permission", "pk": 37, "fields": {"name": "Can add discount", "content_type": 13, "codename": "add_discount"}}, {"model": "auth.permission", "pk": 38, "fields": {"name": "Can change discount", "content_type": 13, "codename": "change_discount"}}, {"model": "auth.permission", "pk": 39, "fields": {"name": "Can delete discount", "content_type": 13, "codename": "delete_discount"}}, {"model": "auth.permission", "pk": 40, "fields": {"name": "Can add product", "content_type": 14, "codename": "add_product"}}, {"model": "auth.permission", "pk": 41, "fields": {"name": "Can change product", "content_type": 14, "codename": "change_product"}}, {"model": "auth.permission", "pk": 42, "fields": {"name": "Can delete product", "content_type": 14, "codename": "delete_product"}}, {"model": "auth.permission", "pk": 43, "fields": {"name": "Can add source language", "content_type": 15, "codename": "add_sourcelanguage"}}, {"model": "auth.permission", "pk": 44, "fields": {"name": "Can change source language", "content_type": 15, "codename": "change_sourcelanguage"}}, {"model": "auth.permission", "pk": 45, "fields": {"name": "Can delete source language", "content_type": 15, "codename": "delete_sourcelanguage"}}, {"model": "auth.permission", "pk": 46, "fields": {"name": "Can add category", "content_type": 7, "codename": "add_category"}}, {"model": "auth.permission", "pk": 47, "fields": {"name": "Can change category", "content_type": 7, "codename": "change_category"}}, {"model": "auth.permission", "pk": 48, "fields": {"name": "Can delete category", "content_type": 7, "codename": "delete_category"}}, {"model": "auth.permission", "pk": 49, "fields": {"name": "Can add customer", "content_type": 8, "codename": "add_customer"}}, {"model": "auth.permission", "pk": 50, "fields": {"name": "Can change customer", "content_type": 8, "codename": "change_customer"}}, {"model": "auth.permission", "pk": 51, "fields": {"name": "Can delete customer", "content_type": 8, "codename": "delete_customer"}}, {"model": "auth.permission", "pk": 52, "fields": {"name": "Can add product", "content_type": 9, "codename": "add_product"}}, {"model": "auth.permission", "pk": 53, "fields": {"name": "Can change product", "content_type": 9, "codename": "change_product"}}, {"model": "auth.permission", "pk": 54, "fields": {"name": "Can delete product", "content_type": 9, "codename": "delete_product"}}, {"model": "auth.permission", "pk": 55, "fields": {"name": "Can add product discount", "content_type": 10, "codename": "add_productdiscount"}}, {"model": "auth.permission", "pk": 56, "fields": {"name": "Can change product discount", "content_type": 10, "codename": "change_productdiscount"}}, {"model": "auth.permission", "pk": 57, "fields": {"name": "Can delete product discount", "content_type": 10, "codename": "delete_productdiscount"}}, {"model": "auth.permission", "pk": 58, "fields": {"name": "Can add customer discount", "content_type": 11, "codename": "add_customerdiscount"}}, {"model": "auth.permission", "pk": 59, "fields": {"name": "Can change customer discount", "content_type": 11, "codename": "change_customerdiscount"}}, {"model": "auth.permission", "pk": 60, "fields": {"name": "Can delete customer discount", "content_type": 11, "codename": "delete_customerdiscount"}}, {"model": "auth.permission", "pk": 61, "fields": {"name": "Can add cart item", "content_type": 12, "codename": "add_cartitem"}}, {"model": "auth.permission", "pk": 62, "fields": {"name": "Can change cart item", "content_type": 12, "codename": "change_cartitem"}}, {"model": "auth.permission", "pk": 63, "fields": {"name": "Can delete cart item", "content_type": 12, "codename": "delete_cartitem"}}, {"model": "auth.user", "pk": 1, "fields": {"password": "pbkdf2_sha256$100000$cAFN4WbS0Wg6$+3ERqi0g5FKo/UiQiQqUsFynTYEYZIaD1HONz7tNTmc=", "last_login": "2018-07-05T22:11:41.634Z", "is_superuser": true, "username": "root", "first_name": "", "last_name": "", "email": "a@a.ru", "is_staff": true, "is_active": true, "date_joined": "2018-07-05T22:11:26.749Z", "groups": [], "user_permissions": []}}, {"model": "admin.logentry", "pk": 1, "fields": {"action_time": "2018-07-05T22:15:15.818Z", "user": 1, "content_type": 11, "object_id": "1", "object_repr": "CategoryHierarchy(_state=<django.db.models.base.ModelState object at 0x0000000B77BAFD30>, id=1, name=\u0421\u043a\u0438\u0434\u043a\u0438, parent_category_id=None)", "action_flag": 1, "change_message": "[{\"added\": {}}]"}}, {"model": "admin.logentry", "pk": 2, "fields": {"action_time": "2018-07-05T22:16:51.729Z", "user": 1, "content_type": 11, "object_id": "2", "object_repr": "CategoryHierarchy(id=2, name=\u041f\u043e\u043b, parent_category_id=1)", "action_flag": 1, "change_message": "[{\"added\": {}}]"}}, {"model": "admin.logentry", "pk": 3, "fields": {"action_time": "2018-07-05T22:19:35.459Z", "user": 1, "content_type": 11, "object_id": "3", "object_repr": "CategoryHierarchy(id=3, name=\u041c\u0443\u0436\u0441\u043a\u043e\u0439, parent_category_id=2)", "action_flag": 1, "change_message": "[{\"added\": {}}]"}}, {"model": "admin.logentry", "pk": 4, "fields": {"action_time": "2018-07-05T22:19:42.776Z", "user": 1, "content_type": 11, "object_id": "4", "object_repr": "CategoryHierarchy(id=4, name=\u0416\u0435\u043d\u0441\u043a\u0438\u0439, parent_category_id=2)", "action_flag": 1, "change_message": "[{\"added\": {}}]"}}, {"model": "admin.logentry", "pk": 5, "fields": {"action_time": "2018-07-05T22:20:01.175Z", "user": 1, "content_type": 11, "object_id": "5", "object_repr": "CategoryHierarchy(id=5, name=\u0411\u0440\u0435\u043d\u0434, parent_category_id=1)", "action_flag": 1, "change_message": "[{\"added\": {}}]"}}, {"model": "admin.logentry", "pk": 6, "fields": {"action_time": "2018-07-05T22:20:47.910Z", "user": 1, "content_type": 11, "object_id": "6", "object_repr": "CategoryHierarchy(id=6, name=Sony, parent_category_id=5)", "action_flag": 1, "change_message": "[{\"added\": {}}]"}}, {"model": "admin.logentry", "pk": 7, "fields": {"action_time": "2018-07-05T22:21:04.443Z", "user": 1, "content_type": 11, "object_id": "7", "object_repr": "CategoryHierarchy(id=7, name=Samsung, parent_category_id=5)", "action_flag": 1, "change_message": "[{\"added\": {}}]"}}, {"model": "admin.logentry", "pk": 8, "fields": {"action_time": "2018-07-05T22:27:13.237Z", "user": 1, "content_type": 11, "object_id": "8", "object_repr": "CategoryHierarchy(id=8, name=Canon, parent_category_id=5)", "action_flag": 1, "change_message": "[{\"added\": {}}]"}}, {"model": "admin.logentry", "pk": 9, "fields": {"action_time": "2018-07-05T22:28:29.082Z", "user": 1, "content_type": 10, "object_id": "1", "object_repr": "Category(id=1, name=\u041c\u0443\u0436\u0441\u043a\u043e\u0439, parent_category_id=2)", "action_flag": 1, "change_message": "[{\"added\": {}}]"}}, {"model": "admin.logentry", "pk": 10, "fields": {"action_time": "2018-07-05T22:28:36.821Z", "user": 1, "content_type": 10, "object_id": "2", "object_repr": "Category(id=2, name=\u0416\u0435\u043d\u0441\u043a\u0438\u0439, parent_category_id=2)", "action_flag": 1, "change_message": "[{\"added\": {}}]"}}, {"model": "admin.logentry", "pk": 11, "fields": {"action_time": "2018-07-05T22:28:51.883Z", "user": 1, "content_type": 10, "object_id": "3", "object_repr": "Category(id=3, name=Sony, parent_category_id=5)", "action_flag": 1, "change_message": "[{\"added\": {}}]"}}, {"model": "admin.logentry", "pk": 12, "fields": {"action_time": "2018-07-05T22:29:00.594Z", "user": 1, "content_type": 10, "object_id": "4", "object_repr": "Category(id=4, name=Samsung, parent_category_id=5)", "action_flag": 1, "change_message": "[{\"added\": {}}]"}}, {"model": "admin.logentry", "pk": 13, "fields": {"action_time": "2018-07-05T22:29:17.364Z", "user": 1, "content_type": 10, "object_id": "5", "object_repr": "Category(id=5, name=LG, parent_category_id=5)", "action_flag": 1, "change_message": "[{\"added\": {}}]"}}, {"model": "admin.logentry", "pk": 14, "fields": {"action_time": "2018-07-05T22:29:36.144Z", "user": 1, "content_type": 11, "object_id": "6", "object_repr": "CategoryHierarchy(id=6, name=Sony, parent_category_id=5)", "action_flag": 3, "change_message": ""}}, {"model": "admin.logentry", "pk": 15, "fields": {"action_time": "2018-07-05T22:29:43.323Z", "user": 1, "content_type": 11, "object_id": "7", "object_repr": "CategoryHierarchy(id=7, name=Samsung, parent_category_id=5)", "action_flag": 3, "change_message": ""}}, {"model": "admin.logentry", "pk": 16, "fields": {"action_time": "2018-07-05T22:29:49.663Z", "user": 1, "content_type": 11, "object_id": "8", "object_repr": "CategoryHierarchy(id=8, name=Canon, parent_category_id=5)", "action_flag": 3, "change_message": ""}}, {"model": "admin.logentry", "pk": 17, "fields": {"action_time": "2018-07-05T22:29:56.662Z", "user": 1, "content_type": 11, "object_id": "3", "object_repr": "CategoryHierarchy(id=3, name=\u041c\u0443\u0436\u0441\u043a\u043e\u0439, parent_category_id=2)", "action_flag": 3, "change_message": ""}}, {"model": "admin.logentry", "pk": 18, "fields": {"action_time": "2018-07-05T22:30:02.498Z", "user": 1, "content_type": 11, "object_id": "4", "object_repr": "CategoryHierarchy(id=4, name=\u0416\u0435\u043d\u0441\u043a\u0438\u0439, parent_category_id=2)", "action_flag": 3, "change_message": ""}}, {"model": "admin.logentry", "pk": 19, "fields": {"action_time": "2018-07-05T22:30:36.505Z", "user": 1, "content_type": 11, "object_id": "9", "object_repr": "CategoryHierarchy(id=9, name=\u041d\u0430\u0437\u043d\u0430\u0447\u0435\u043d\u0438\u0435, parent_category_id=1)", "action_flag": 1, "change_message": "[{\"added\": {}}]"}}, {"model": "admin.logentry", "pk": 20, "fields": {"action_time": "2018-07-05T22:33:59.868Z", "user": 1, "content_type": 10, "object_id": "6", "object_repr": "Category(id=6, name=\u0422\u0435\u0445\u043d\u0438\u043a\u0430, parent_category_id=9)", "action_flag": 1, "change_message": "[{\"added\": {}}]"}}, {"model": "admin.logentry", "pk": 21, "fields": {"action_time": "2018-07-05T22:34:05.980Z", "user": 1, "content_type": 10, "object_id": "7", "object_repr": "Category(id=7, name=\u041e\u0434\u0435\u0436\u0434\u0430, parent_category_id=9)", "action_flag": 1, "change_message": "[{\"added\": {}}]"}}, {"model": "admin.logentry", "pk": 22, "fields": {"action_time": "2018-07-05T22:34:58.126Z", "user": 1, "content_type": 10, "object_id": "8", "object_repr": "Category(id=8, name=\u0425\u043e\u0437\u044f\u0439\u0441\u0442\u0432\u0435\u043d\u043d\u044b\u0435 \u0442\u043e\u0432\u0430\u0440\u044b, parent_category_id=9)", "action_flag": 1, "change_message": "[{\"added\": {}}]"}}, {"model": "admin.logentry", "pk": 23, "fields": {"action_time": "2018-07-05T22:45:44.862Z", "user": 1, "content_type": 13, "object_id": "1", "object_repr": "Discount(id=1, amount=5, gender=None, started=2018-07-01 00:00:00+00:00, ended=2018-07-31 00:00:00+00:00)", "action_flag": 1, "change_message": "[{\"added\": {}}]"}}, {"model": "admin.logentry", "pk": 24, "fields": {"action_time": "2018-07-05T22:48:43.756Z", "user": 1, "content_type": 13, "object_id": "2", "object_repr": "Discount(id=2, amount=10, gender=None, started=2018-06-01 00:00:00+00:00, ended=2018-10-01 00:00:00+00:00)", "action_flag": 1, "change_message": "[{\"added\": {}}]"}}, {"model": "admin.logentry", "pk": 25, "fields": {"action_time": "2018-07-05T22:55:53.614Z", "user": 1, "content_type": 14, "object_id": "1", "object_repr": "Product(id=1, name=\u0424\u0435\u043d, price=500, effective_discount_id=None)", "action_flag": 1, "change_message": "[{\"added\": {}}]"}}, {"model": "admin.logentry", "pk": 26, "fields": {"action_time": "2018-07-05T22:56:28.210Z", "user": 1, "content_type": 14, "object_id": "2", "object_repr": "Product(id=2, name=\u0421\u043c\u0430\u0440\u0442\u0444\u043e\u043d LG, price=8000, effective_discount_id=None)", "action_flag": 1, "change_message": "[{\"added\": {}}]"}}, {"model": "admin.logentry", "pk": 27, "fields": {"action_time": "2018-07-05T22:57:02.700Z", "user": 1, "content_type": 14, "object_id": "3", "object_repr": "Product(id=3, name=\u0424\u043e\u0442\u043e\u0430\u043f\u043f\u0430\u0440\u0430\u0442 Sony, price=5000, effective_discount_id=None)", "action_flag": 1, "change_message": "[{\"added\": {}}]"}}, {"model": "admin.logentry", "pk": 28, "fields": {"action_time": "2018-07-05T22:57:25.050Z", "user": 1, "content_type": 14, "object_id": "4", "object_repr": "Product(id=4, name=\u0422\u0435\u043b\u0435\u0432\u0438\u0437\u043e\u0440 Samsung, price=6000, effective_discount_id=None)", "action_flag": 1, "change_message": "[{\"added\": {}}]"}}, {"model": "admin.logentry", "pk": 29, "fields": {"action_time": "2018-07-05T22:57:59.727Z", "user": 1, "content_type": 14, "object_id": "5", "object_repr": "Product(id=5, name=\u042d\u043b\u0435\u043a\u0442\u0440\u043e\u0431\u0440\u0438\u0442\u0432\u0430 LG, price=4000, effective_discount_id=None)", "action_flag": 1, "change_message": "[{\"added\": {}}]"}}, {"model": "admin.logentry", "pk": 30, "fields": {"action_time": "2018-07-05T22:58:30.976Z", "user": 1, "content_type": 14, "object_id": "6", "object_repr": "Product(id=6, name=\u041d\u0430\u0431\u043e\u0440 \u0438\u043d\u0441\u0442\u0440\u0443\u043c\u0435\u043d\u0442\u043e\u0432, price=300, effective_discount_id=None)", "action_flag": 1, "change_message": "[{\"added\": {}}]"}}, {"model": "admin.logentry", "pk": 31, "fields": {"action_time": "2018-07-05T22:59:07.174Z", "user": 1, "content_type": 14, "object_id": "7", "object_repr": "Product(id=7, name=\u0417\u043e\u043d\u0442, price=500, effective_discount_id=None)", "action_flag": 1, "change_message": "[{\"added\": {}}]"}}, {"model": "admin.logentry", "pk": 32, "fields": {"action_time": "2018-07-05T22:59:24.487Z", "user": 1, "content_type": 14, "object_id": "8", "object_repr": "Product(id=8, name=\u041a\u0443\u0440\u0442\u043a\u0430, price=2000, effective_discount_id=None)", "action_flag": 1, "change_message": "[{\"added\": {}}]"}}, {"model": "admin.logentry", "pk": 33, "fields": {"action_time": "2018-07-05T22:59:57.807Z", "user": 1, "content_type": 14, "object_id": "9", "object_repr": "Product(id=9, name=\u0428\u0443\u0431\u0430, price=5000, effective_discount_id=None)", "action_flag": 1, "change_message": "[{\"added\": {}}]"}}, {"model": "admin.logentry", "pk": 34, "fields": {"action_time": "2018-07-05T23:00:29.999Z", "user": 1, "content_type": 14, "object_id": "10", "object_repr": "Product(id=10, name=\u041d\u043e\u0443\u0442\u0431\u0443\u043a Sony, price=30000, effective_discount_id=None)", "action_flag": 1, "change_message": "[{\"added\": {}}]"}}, {"model": "admin.logentry", "pk": 35, "fields": {"action_time": "2018-07-05T23:02:44.182Z", "user": 1, "content_type": 11, "object_id": "10", "object_repr": "CategoryHierarchy(id=10, name=\u0421\u043a\u0438\u0434\u043a\u0430 \u043d\u0430 \u043f\u0440\u043e\u0434\u0443\u043a\u0442, parent_category_id=1)", "action_flag": 1, "change_message": "[{\"added\": {}}]"}}, {"model": "admin.logentry", "pk": 36, "fields": {"action_time": "2018-07-05T23:04:21.121Z", "user": 1, "content_type": 10, "object_id": "9", "object_repr": "Category(id=9, name=\u0420\u0430\u0441\u043f\u0440\u043e\u0434\u0430\u0436\u0430, parent_category_id=10)", "action_flag": 1, "change_message": "[{\"added\": {}}]"}}, {"model": "admin.logentry", "pk": 37, "fields": {"action_time": "2018-07-05T23:05:47.589Z", "user": 1, "content_type": 10, "object_id": "10", "object_repr": "Category(id=10, name=\u0428\u0443\u0431\u0430: \u0440\u0430\u0441\u043f\u0440\u043e\u0434\u0430\u0436\u0430, parent_category_id=10)", "action_flag": 1, "change_message": "[{\"added\": {}}]"}}, {"model": "admin.logentry", "pk": 38, "fields": {"action_time": "2018-07-05T23:06:21.605Z", "user": 1, "content_type": 14, "object_id": "9", "object_repr": "Product(id=9, name=\u0428\u0443\u0431\u0430, price=5000.00, effective_discount_id=None)", "action_flag": 2, "change_message": "[{\"changed\": {\"fields\": [\"category\"]}}]"}}, {"model": "admin.logentry", "pk": 39, "fields": {"action_time": "2018-07-05T23:06:55.968Z", "user": 1, "content_type": 10, "object_id": "11", "object_repr": "Category(id=11, name=\u0417\u043e\u043d\u0442: \u0440\u0430\u0441\u043f\u0440\u043e\u0434\u0430\u0436\u0430, parent_category_id=10)", "action_flag": 1, "change_message": "[{\"added\": {}}]"}}, {"model": "admin.logentry", "pk": 40, "fields": {"action_time": "2018-07-05T23:07:07.317Z", "user": 1, "content_type": 14, "object_id": "7", "object_repr": "Product(id=7, name=\u0417\u043e\u043d\u0442, price=500.00, effective_discount_id=None)", "action_flag": 2, "change_message": "[{\"changed\": {\"fields\": [\"category\"]}}]"}}, {"model": "admin.logentry", "pk": 41, "fields": {"action_time": "2018-07-05T23:08:19.749Z", "user": 1, "content_type": 13, "object_id": "3", "object_repr": "Discount(id=3, amount=20, started=2018-07-01 23:08:16+00:00, ended=2018-07-31 23:08:14+00:00)", "action_flag": 1, "change_message": "[{\"added\": {}}]"}}, {"model": "admin.logentry", "pk": 42, "fields": {"action_time": "2018-07-05T23:08:49.786Z", "user": 1, "content_type": 13, "object_id": "4", "object_repr": "Discount(id=4, amount=50, started=2018-07-01 23:08:47+00:00, ended=2018-07-04 23:08:48+00:00)", "action_flag": 1, "change_message": "[{\"added\": {}}]"}}, {"model": "admin.logentry", "pk": 43, "fields": {"action_time": "2018-07-06T01:29:02.374Z", "user": 1, "content_type": 13, "object_id": "4", "object_repr": "Discount object (4)", "action_flag": 2, "change_message": "[]"}}, {"model": "admin.logentry", "pk": 44, "fields": {"action_time": "2018-07-06T01:30:19.991Z", "user": 1, "content_type": 13, "object_id": "1", "object_repr": "Discount object (1)", "action_flag": 2, "change_message": "[{\"changed\": {\"fields\": [\"amount\"]}}]"}}, {"model": "admin.logentry", "pk": 45, "fields": {"action_time": "2018-07-08T20:49:01.524Z", "user": 1, "content_type": 8, "object_id": "1", "object_repr": "Customer(id=1, name=Alice, gender=F)", "action_flag": 1, "change_message": "[{\"added\": {}}]"}}, {"model": "admin.logentry", "pk": 46, "fields": {"action_time": "2018-07-08T20:49:07.454Z", "user": 1, "content_type": 8, "object_id": "2", "object_repr": "Customer(id=2, name=Bob, gender=M)", "action_flag": 1, "change_message": "[{\"added\": {}}]"}}, {"model": "admin.logentry", "pk": 47, "fields": {"action_time": "2018-07-08T20:50:25.801Z", "user": 1, "content_type": 8, "object_id": "3", "object_repr": "Customer(id=3, name=Charlie, gender=M)", "action_flag": 1, "change_message": "[{\"added\": {}}]"}}, {"model": "admin.logentry", "pk": 48, "fields": {"action_time": "2018-07-08T20:52:34.524Z", "user": 1, "content_type": 11, "object_id": "1", "object_repr": "CustomerDiscount object (1)", "action_flag": 1, "change_message": "[{\"added\": {}}]"}}, {"model": "admin.logentry", "pk": 49, "fields": {"action_time": "2018-07-08T20:52:49.240Z", "user": 1, "content_type": 11, "object_id": "2", "object_repr": "CustomerDiscount object (2)", "action_flag": 1, "change_message": "[{\"added\": {}}]"}}, {"model": "admin.logentry", "pk": 50, "fields": {"action_time": "2018-07-08T21:23:54.016Z", "user": 1, "content_type": 12, "object_id": "1", "object_repr": "CartItem(id=1, customer_id=1, customer_discount_id=1, product_id=1, product_count=10)", "action_flag": 1, "change_message": "[{\"added\": {}}]"}}, {"model": "admin.logentry", "pk": 51, "fields": {"action_time": "2018-07-08T21:24:27.808Z", "user": 1, "content_type": 12, "object_id": "2", "object_repr": "CartItem(id=2, customer_id=2, customer_discount_id=2, product_id=1, product_count=10)", "action_flag": 1, "change_message": "[{\"added\": {}}]"}}, {"model": "admin.logentry", "pk": 52, "fields": {"action_time": "2018-07-08T21:43:11.518Z", "user": 1, "content_type": 7, "object_id": "1", "object_repr": "Category(id=1, name=Root, parent_category_id=None)", "action_flag": 2, "change_message": "[{\"changed\": {\"fields\": [\"name\"]}}]"}}, {"model": "admin.logentry", "pk": 53, "fields": {"action_time": "2018-07-08T21:43:53.346Z", "user": 1, "content_type": 7, "object_id": "10", "object_repr": "Category(id=10, name=\u0421\u043a\u0438\u0434\u043a\u0430 \u043d\u0430 \u0435\u0434\u0438\u043d\u0438\u0447\u043d\u044b\u0439 \u043f\u0440\u043e\u0434\u0443\u043a\u0442, parent_category_id=1)", "action_flag": 2, "change_message": "[{\"changed\": {\"fields\": [\"name\"]}}]"}}, {"model": "admin.logentry", "pk": 54, "fields": {"action_time": "2018-07-08T21:49:51.897Z", "user": 1, "content_type": 7, "object_id": "1", "object_repr": "Category(id=1, name=Root, parent_category_id=None, assignable=False)", "action_flag": 2, "change_message": "[{\"changed\": {\"fields\": [\"assignable\"]}}]"}}, {"model": "admin.logentry", "pk": 55, "fields": {"action_time": "2018-07-08T21:50:00.049Z", "user": 1, "content_type": 7, "object_id": "2", "object_repr": "Category(id=2, name=\u041f\u043e\u043b, parent_category_id=1, assignable=False)", "action_flag": 2, "change_message": "[{\"changed\": {\"fields\": [\"assignable\"]}}]"}}, {"model": "admin.logentry", "pk": 56, "fields": {"action_time": "2018-07-08T21:50:11.057Z", "user": 1, "content_type": 7, "object_id": "5", "object_repr": "Category(id=5, name=\u0411\u0440\u0435\u043d\u0434, parent_category_id=1, assignable=False)", "action_flag": 2, "change_message": "[{\"changed\": {\"fields\": [\"assignable\"]}}]"}}, {"model": "admin.logentry", "pk": 57, "fields": {"action_time": "2018-07-08T21:50:29.525Z", "user": 1, "content_type": 7, "object_id": "9", "object_repr": "Category(id=9, name=\u041d\u0430\u0437\u043d\u0430\u0447\u0435\u043d\u0438\u0435, parent_category_id=1, assignable=False)", "action_flag": 2, "change_message": "[{\"changed\": {\"fields\": [\"assignable\"]}}]"}}, {"model": "admin.logentry", "pk": 58, "fields": {"action_time": "2018-07-08T21:50:36.162Z", "user": 1, "content_type": 7, "object_id": "10", "object_repr": "Category(id=10, name=\u0421\u043a\u0438\u0434\u043a\u0430 \u043d\u0430 \u0435\u0434\u0438\u043d\u0438\u0447\u043d\u044b\u0439 \u043f\u0440\u043e\u0434\u0443\u043a\u0442, parent_category_id=1, assignable=False)", "action_flag": 2, "change_message": "[{\"changed\": {\"fields\": [\"assignable\"]}}]"}}, {"model": "admin.logentry", "pk": 59, "fields": {"action_time": "2018-07-08T22:38:13.874Z", "user": 1, "content_type": 9, "object_id": "11", "object_repr": "Product(id=11, name=\u041f\u044b\u043b\u0435\u0441\u043e\u0441, price=3000, effective_discount_id=None)", "action_flag": 1, "change_message": "[{\"added\": {}}]"}}, {"model": "admin.logentry", "pk": 60, "fields": {"action_time": "2018-07-08T23:35:05.534Z", "user": 1, "content_type": 10, "object_id": "5", "object_repr": "ProductDiscount(id=5, amount=5, started=2018-07-08 23:34:31+00:00, ended=2018-07-31 23:34:32+00:00)", "action_flag": 1, "change_message": "[{\"added\": {}}]"}}, {"model": "admin.logentry", "pk": 61, "fields": {"action_time": "2018-07-09T08:25:16.300Z", "user": 1, "content_type": 9, "object_id": "7", "object_repr": "Product(id=7, name=\u0417\u043e\u043d\u0442\u0438\u043a, price=500.00, effective_discount_id=1)", "action_flag": 2, "change_message": "[{\"changed\": {\"fields\": [\"name\"]}}]"}}, {"model": "admin.logentry", "pk": 62, "fields": {"action_time": "2018-07-09T08:25:48.561Z", "user": 1, "content_type": 9, "object_id": "9", "object_repr": "Product(id=9, name=\u0428\u0443\u0431\u0430, price=6000.00, effective_discount_id=1)", "action_flag": 2, "change_message": "[{\"changed\": {\"fields\": [\"price\"]}}]"}}, {"model": "admin.logentry", "pk": 63, "fields": {"action_time": "2018-07-09T08:26:15.515Z", "user": 1, "content_type": 9, "object_id": "16", "object_repr": "Product(id=16, name=\u041c\u043e\u043b\u043e\u0442\u043e\u043a, price=100.00, effective_discount_id=None)", "action_flag": 3, "change_message": ""}}, {"model": "admin.logentry", "pk": 64, "fields": {"action_time": "2018-07-09T08:26:21.972Z", "user": 1, "content_type": 9, "object_id": "15", "object_repr": "Product(id=15, name=\u041c\u043e\u043b\u043e\u0442\u043e\u043a, price=100.00, effective_discount_id=None)", "action_flag": 3, "change_message": ""}}, {"model": "admin.logentry", "pk": 65, "fields": {"action_time": "2018-07-09T08:26:28.892Z", "user": 1, "content_type": 9, "object_id": "14", "object_repr": "Product(id=14, name=\u041c\u043e\u043b\u043e\u0442\u043e\u043a, price=100.00, effective_discount_id=None)", "action_flag": 3, "change_message": ""}}, {"model": "admin.logentry", "pk": 66, "fields": {"action_time": "2018-07-09T08:26:35.149Z", "user": 1, "content_type": 9, "object_id": "13", "object_repr": "Product(id=13, name=\u041c\u043e\u043b\u043e\u0442\u043e\u043a, price=100.00, effective_discount_id=None)", "action_flag": 3, "change_message": ""}}, {"model": "admin.logentry", "pk": 67, "fields": {"action_time": "2018-07-09T08:26:49.959Z", "user": 1, "content_type": 9, "object_id": "12", "object_repr": "Product(id=12, name=\u041c\u043e\u043b\u043e\u0442\u043e\u043a, price=100.00, effective_discount_id=None)", "action_flag": 3, "change_message": ""}}]